{"cameraMode":{"drawMode":0,"name":"Shaded","section":"Shading Mode"},"sceneLighting":false,"audioPlay":false,"sceneViewState":{"showFog":true,"showMaterialUpdate":false,"showSkybox":true,"showFlares":true,"showImageEffects":true,"showParticleSystems":true},"in2DMode":false,"pivot":{"x":5.960464477539063e-8,"y":1.850418210029602,"z":2.268050193786621},"rotation":{"x":0.2091713398694992,"y":-0.7907727956771851,"z":0.4119962155818939,"w":0.4014783501625061},"size":10.00290298461914,"orthographic":true}