{"cameraMode":{"drawMode":0,"name":"Shaded","section":"Shading Mode"},"sceneLighting":false,"audioPlay":false,"sceneViewState":{"showFog":true,"showMaterialUpdate":false,"showSkybox":true,"showFlares":true,"showImageEffects":true,"showParticleSystems":true},"in2DMode":false,"pivot":{"x":29.83530616760254,"y":25.301006317138673,"z":19.1434268951416},"rotation":{"x":0.0033068940974771978,"y":0.04048405587673187,"z":-0.00013395986752584577,"w":0.9991747140884399},"size":22.0,"orthographic":true}